sqft,price,price/sqft,zip,city,state,street_address,bedrooms,bathrooms,url,img
1630.0,689000,422.6993865030675,98031,Kent,WA,12409 SE 210th Pl,3,3,https://www.redfin.com/WA/Kent/12409-SE-210th-Pl-98031/home/226697,https://ssl.cdn-redfin.com/system_files/media/1011787_JPG/genDesktopMapHomeCardUrl/item_15.jpg
1128.0,519950,460.9485815602837,98042,Kent,WA,26619 134th Ave SE,3,3,https://www.redfin.com/WA/Kent/26619-134th-Ave-SE-98042/home/400339,https://ssl.cdn-redfin.com/photo/1/islphoto/254/genIslnoResize.2310254_0.jpg
1960.0,639950,326.5051020408163,98198,Des Moines,WA,2136 S 263rd St,3,3,https://www.redfin.com/WA/Des-Moines/2136-S-263rd-St-98198/home/44657716,https://ssl.cdn-redfin.com/system_files/media/1013575_JPG/genDesktopMapHomeCardUrl/item_2.jpg
1490.0,648500,435.23489932885906,98042,Kent,WA,14254 SE 257th Pl,3,3,https://www.redfin.com/WA/Kent/14254-SE-257th-Pl-98042/home/399425,https://ssl.cdn-redfin.com/photo/1/islphoto/367/genIslnoResize.2310367_0.jpg
1660.0,665000,400.6024096385542,98001,Auburn,WA,3214 S 272nd Pl,3,3,https://www.redfin.com/WA/Auburn/3214-S-272nd-Pl-98001/home/208635,https://ssl.cdn-redfin.com/photo/1/islphoto/471/genIslnoResize.2306471_0.jpg
1850.0,695000,375.6756756756757,98031,Kent,WA,22247 126th Pl SE,4,4,https://www.redfin.com/WA/Kent/22247-126th-Pl-SE-98031/home/223784,https://ssl.cdn-redfin.com/photo/1/islphoto/450/genIslnoResize.2310450_0.jpg
1910.0,550000,287.9581151832461,98032,Kent,WA,4515 S 263rd St,3,3,https://www.redfin.com/WA/Kent/4515-S-263rd-St-98032/home/207519,https://ssl.cdn-redfin.com/photo/1/islphoto/043/genIslnoResize.2311043_0.jpg
2668.0,899000,336.95652173913044,98042,Kent,WA,17026 SE 289TH St,3,3,https://www.redfin.com/WA/Kent/17026-SE-289th-St-98042/home/12299211,https://ssl.cdn-redfin.com/photo/1/islphoto/226/genIslnoResize.2311226_0.jpg
1600.0,650000,406.25,98030,Kent,WA,1012 E Laurel St,3,3,https://www.redfin.com/WA/Kent/1012-E-Laurel-St-98030/home/396094,https://ssl.cdn-redfin.com/photo/1/islphoto/188/genIslnoResize.2311188_0.jpg
2482.0,1499000,603.9484286865431,98042,Kent,WA,31305 SE 202nd Ave,4,4,https://www.redfin.com/WA/Kent/31305-202nd-Ave-SE-98042/home/2088525,https://ssl.cdn-redfin.com/photo/1/islphoto/686/genIslnoResize.2310686_0.jpg
1645.0,550000,334.3465045592705,98055,Renton,WA,19167 110th Pl SE Unit 11D,3,3,https://www.redfin.com/WA/Renton/19167-110th-Pl-SE-98055/unit-11D/home/60297,https://ssl.cdn-redfin.com/photo/1/islphoto/062/genIslnoResize.2311062_0.jpg
1232.0,529900,430.1136363636364,98042,Kent,WA,14210 SE 259th Pl,2,2,https://www.redfin.com/WA/Kent/14210-SE-259th-Pl-98042/home/398444,https://ssl.cdn-redfin.com/photo/1/islphoto/724/genIslnoResize.2307724_0.jpg
2060.0,650000,315.5339805825243,98030,Kent,WA,9806 S 242nd Pl,4,4,https://www.redfin.com/WA/Kent/9806-S-242nd-Pl-98030/home/395889,https://ssl.cdn-redfin.com/photo/1/islphoto/784/genIslnoResize.2310784_0.jpg
3410.0,899999,263.9293255131965,98031,Kent,WA,23914 124th Ave SE,4,4,https://www.redfin.com/WA/Kent/23914-124th-Ave-SE-98031/home/223818,https://ssl.cdn-redfin.com/photo/1/islphoto/049/genIslnoResize.2310049_0.jpg
1230.0,399950,325.1626016260163,98042,Kent,WA,25039 144th Pl SE,2,2,https://www.redfin.com/WA/Kent/25039-144th-Pl-SE-98042/home/399814,https://ssl.cdn-redfin.com/photo/1/islphoto/404/genIslnoResize.2308404_0.jpg
1320.0,520000,393.93939393939394,98042,Kent,WA,31016 149th Ave SE,3,3,https://www.redfin.com/WA/Kent/31016-149th-Ave-SE-98042/home/380748,https://ssl.cdn-redfin.com/photo/1/islphoto/736/genIslnoResize.2310736_1.jpg
1240.0,595000,479.83870967741933,98042,Kent,WA,29239 161st Pl SE,4,4,https://www.redfin.com/WA/Kent/29239-161st-Pl-SE-98042/home/383417,https://ssl.cdn-redfin.com/photo/1/islphoto/557/genIslnoResize.2310557_0.jpg
1148.0,400000,348.4320557491289,98032,Kent,WA,6127 S 233rd St Unit 192,2,2,https://www.redfin.com/WA/Kent/6127-S-233rd-St-98032/unit-19-2/home/146319569,https://ssl.cdn-redfin.com/photo/1/islphoto/054/genIslnoResize.2310054_0.jpg
1348.0,349000,258.90207715133533,98030,Kent,WA,11515 SE 258th St Unit H202,2,2,https://www.redfin.com/WA/Kent/11515-SE-258th-St-98030/unit-H202/home/12091455,https://ssl.cdn-redfin.com/photo/1/islphoto/385/genIslnoResize.2310385_0.jpg
3360.0,1599000,475.89285714285717,98010,Black Diamond,WA,28928 218th Ave SE,6,6,https://www.redfin.com/WA/Black-Diamond/28928-218th-Ave-SE-98010/home/377607,https://ssl.cdn-redfin.com/photo/1/islphoto/563/genIslnoResize.2309563_0.jpg
1370.0,549900,401.3868613138686,98032,Kent,WA,24911 38th Ave S,4,4,https://www.redfin.com/WA/Kent/24911-38th-Ave-S-98032/home/206685,https://ssl.cdn-redfin.com/photo/1/islphoto/987/genIslnoResize.2294987_0.jpg
1872.0,599999,320.5122863247863,98055,Renton,WA,9601 S 198th Pl,3,3,https://www.redfin.com/WA/Renton/9601-S-198th-Pl-98055/home/2077113,https://ssl.cdn-redfin.com/photo/1/islphoto/099/genIslnoResize.2310099_0.jpg
2690.0,509900,189.5539033457249,98030,Kent,WA,11730 SE 247th Pl,3,3,https://www.redfin.com/WA/Kent/11730-SE-247th-Pl-98030/home/2074559,https://ssl.cdn-redfin.com/photo/1/islphoto/630/genIslnoResize.2309630_0.jpg
2493.0,823125,330.17448856799035,98032,Kent,WA,26832 30th Pl S,4,4,https://www.redfin.com/WA/Kent/26832-30-Pl-98032/home/187464392,https://ssl.cdn-redfin.com/photo/595/islphoto/8AF/genIslnoResize.9073604728AF_0.jpg
2583.0,805950,312.02090592334497,98032,Kent,WA,The Juniper Plan,3,3,https://www.redfin.com/WA/Kent/Kent/The-Juniper/home/193507453,https://ssl.cdn-redfin.com/photo/595/islphoto/5D9/genIslnoResize.7F6BF314C5D9_0.jpg
2033.0,749950,368.8883423512051,98032,Kent,WA,The Wren Plan,4,4,https://www.redfin.com/WA/Kent/Kent/The-Wren/home/193507451,https://ssl.cdn-redfin.com/photo/595/islphoto/4C9/genIslnoResize.60BB668084C9_0.jpg
2382.0,779950,327.43492863140216,98032,Kent,WA,The Finch Plan,4,4,https://www.redfin.com/WA/Kent/Kent/The-Finch/home/193507450,https://ssl.cdn-redfin.com/photo/595/islphoto/4C4/genIslnoResize.BF5419C264C4_0.jpg
1839.0,742950,403.9967373572594,98032,Kent,WA,27106 30th Pl S,4,4,https://www.redfin.com/WA/Kent/27106-30-Pl-98032/home/187464377,https://ssl.cdn-redfin.com/photo/595/islphoto/532/genIslnoResize.397A58590532_0.jpg
2603.0,815950,313.465232424126,98032,Kent,WA,The Sterling Plan,4,4,https://www.redfin.com/WA/Kent/Kent/The-Sterling/home/193507442,https://ssl.cdn-redfin.com/photo/595/islphoto/63B/genIslnoResize.9BEDD48B863B_0.jpg
2509.0,824375,328.56715823037064,98032,Kent,WA,26928 30th Pl S,3,3,https://www.redfin.com/WA/Kent/26928-30-Pl-98032/home/187464385,https://ssl.cdn-redfin.com/photo/595/islphoto/72F/genIslnoResize.8602D713A72F_0.jpg
2493.0,833125,334.1857200160449,98032,Kent,WA,27006 30th Pl S,5,5,https://www.redfin.com/WA/Kent/27006-30-Pl-98032/home/187464384,https://ssl.cdn-redfin.com/photo/595/islphoto/029/genIslnoResize.79D3D6F51029_0.jpg
2451.0,789950,322.297021623827,98032,Kent,WA,The Garland Plan,3,3,https://www.redfin.com/WA/Kent/Kent/The-Garland/home/193507438,https://ssl.cdn-redfin.com/photo/595/islphoto/C34/genIslnoResize.28DA8ECA7C34_0.jpg
2033.0,762700,375.1598622725037,98032,Kent,WA,27019 30th Pl S,4,4,https://www.redfin.com/WA/Kent/27019-30-Pl-98032/home/187464366,https://ssl.cdn-redfin.com/photo/595/islphoto/46F/genIslnoResize.AC633B93946F_0.jpg
1839.0,729950,396.9276780859163,98032,Kent,WA,The Laurel Plan,4,4,https://www.redfin.com/WA/Kent/Kent/The-Laurel/home/193507432,https://ssl.cdn-redfin.com/photo/595/islphoto/0EA/genIslnoResize.7613229190EA_0.jpg
2191.0,773125,352.8639890460977,98032,Kent,WA,26906 30th Pl S,4,4,https://www.redfin.com/WA/Kent/26906-30-Pl-98032/home/187464390,https://ssl.cdn-redfin.com/photo/595/islphoto/F8C/genIslnoResize.7D3B06458F8C_0.jpg
2382.0,794375,333.4907640638119,98032,Kent,WA,26826 30th Pl S,4,4,https://www.redfin.com/WA/Kent/26826-30-Pl-98032/home/187464393,https://ssl.cdn-redfin.com/photo/595/islphoto/FB4/genIslnoResize.7240A0A72FB4_0.jpg
2853.0,839950,294.4093936207501,98032,Kent,WA,The Willow Plan,4,4,https://www.redfin.com/WA/Kent/Kent/The-Willow/home/193507423,https://ssl.cdn-redfin.com/photo/595/islphoto/5F5/genIslnoResize.D4FF0763F5F5_0.jpg
2191.0,755950,345.0251026928343,98032,Kent,WA,The Lark Plan,4,4,https://www.redfin.com/WA/Kent/Kent/The-Lark/home/193507422,https://ssl.cdn-redfin.com/photo/595/islphoto/75C/genIslnoResize.0FA51AC8B75C_0.jpg
2509.0,809950,322.81785571941015,98032,Kent,WA,The Hazel Plan,3,3,https://www.redfin.com/WA/Kent/Kent/The-Hazel/home/193507419,https://ssl.cdn-redfin.com/photo/595/islphoto/8CD/genIslnoResize.2A232CA718CD_0.jpg
2694.0,1071995,397.9194506310319,98030,Kent,WA,11832 SE 242nd Pl,4,4,https://www.redfin.com/WA/Kent/11832-SE-242nd-St-98030/home/193468582,https://ssl.cdn-redfin.com/photo/595/islphoto/5C8/genIslnoResize.55EEF37735C8_0.jpg
3115.0,1217995,391.0096308186196,98030,Kent,WA,24218 118th Pl SE,5,5,https://www.redfin.com/WA/Kent/24218-118th-Pl-SE-98030/home/193468581,https://ssl.cdn-redfin.com/photo/595/islphoto/70F/genIslnoResize.27B51200D70F_0.jpg
15900.0,5350000,336.47798742138366,98032,Kent,WA,631 639 3rd Ave S,36,36,https://www.redfin.com/WA/Kent/631-3rd-Ave-S-98032/home/2062310,https://ssl.cdn-redfin.com/photo/1/islphoto/915/genIslnoResize.2309915_0.jpg
1549.0,498500,321.82052937378955,98030,Kent,WA,10720 SE 242nd St Unit A4,2,2,https://www.redfin.com/WA/Kent/10720-SE-242nd-St-98030/unit-A4/home/12537884,https://ssl.cdn-redfin.com/photo/1/islphoto/281/genIslnoResize.2309281_1.jpg
1940.0,789998,407.21546391752577,98031,Kent,WA,23902 127th Pl SE,4,4,https://www.redfin.com/WA/Kent/23902-127th-Pl-SE-98031/home/223856,https://ssl.cdn-redfin.com/photo/1/islphoto/614/genIslnoResize.2308614_1.jpg
904.0,318000,351.7699115044248,98032,Kent,WA,1313 W James St 11,2,2,https://www.redfin.com/WA/Kent/1313-W-James-St-98032/unit-11/home/191486598,https://ssl.cdn-redfin.com/photo/1/islphoto/251/genIslnoResize.2308251_0.jpg
1006.0,365000,362.82306163021866,98042,Kent,WA,13213 SE 256th St Unit B1,2,2,https://www.redfin.com/WA/Kent/13213-SE-256th-St-98042/unit-B1/home/24424,https://ssl.cdn-redfin.com/photo/1/islphoto/981/genIslnoResize.2306981_0.jpg
1161.0,379000,326.442721791559,98032,Kent,WA,6615 S 239th Pl Unit R109,2,2,https://www.redfin.com/WA/Kent/6615-S-239th-Pl-98032/unit-R109/home/40404,https://ssl.cdn-redfin.com/photo/1/islphoto/502/genIslnoResize.2304502_0.jpg
1590.0,605000,380.50314465408803,98031,Kent,WA,22610 119th Ave SE,3,3,https://www.redfin.com/WA/Kent/22610-119th-Ave-SE-98031/home/224485,https://ssl.cdn-redfin.com/photo/1/islphoto/411/genIslnoResize.2308411_0.jpg
4090.0,1398000,341.80929095354526,98042,Kent,WA,15731 SE 224th St,4,4,https://www.redfin.com/WA/Kent/15731-SE-224th-St-98042/home/392769,https://ssl.cdn-redfin.com/photo/1/islphoto/619/genIslnoResize.2304619_0.jpg
1293.0,465000,359.6287703016241,98032,Kent,WA,22007 S 39th Pl,2,2,https://www.redfin.com/WA/Kent/22007-39th-Pl-S-98032/home/50243,https://ssl.cdn-redfin.com/photo/1/islphoto/962/genIslnoResize.2308962_0.jpg
1950.0,725000,371.79487179487177,98030,Kent,WA,13007 SE 247th Pl,3,3,https://www.redfin.com/WA/Kent/13007-SE-247th-Pl-98030/home/398857,https://ssl.cdn-redfin.com/photo/1/islphoto/911/genIslnoResize.2307911_0.jpg
995.0,404921,406.95577889447236,98032,Kent,WA,21907 42nd Ave S 104,2,2,https://www.redfin.com/WA/Kent/21907-42nd-Ave-S-98032/unit-104/home/2272,https://ssl.cdn-redfin.com/photo/1/islphoto/877/genIslnoResize.2306877_0.jpg
1568.0,435000,277.4234693877551,98042,Kent,WA,27413 148th Pl SE 3,3,3,https://www.redfin.com/WA/Kent/27413-148th-Pl-SE-98042/unit-3/home/16199,https://ssl.cdn-redfin.com/photo/1/islphoto/768/genIslnoResize.2307768_0.jpg
1930.0,1299000,673.0569948186528,98030,Kent,WA,10718 SE 272nd St,4,4,https://www.redfin.com/WA/Kent/10718-SE-272nd-St-98030/home/395972,https://ssl.cdn-redfin.com/photo/1/islphoto/807/genIslnoResize.2307807_0.jpg
1290.0,639950,496.08527131782944,98010,Black Diamond,WA,28931 218 Ave SE,3,3,https://www.redfin.com/WA/Black-Diamond/28931-218th-Ave-SE-98010/home/377853,https://ssl.cdn-redfin.com/photo/1/islphoto/039/genIslnoResize.2307039_0.jpg
1200.0,130000,108.33333333333333,98031,Kent,WA,22049 106th Pl SE 71,2,2,https://www.redfin.com/WA/Kent/22049-106th-Pl-SE-98031/unit-71/home/49744201,https://ssl.cdn-redfin.com/photo/1/islphoto/409/genIslnoResize.2307409_0.jpg
2726.0,949900,348.459280997799,98031,Kent,WA,11512 SE 236th St 1,5,5,https://www.redfin.com/WA/Kent/11512-SE-236th-St-98031/unit-1/home/193388718,https://ssl.cdn-redfin.com/photo/1/islphoto/199/genIslnoResize.2304199_0.jpg
2020.0,650000,321.7821782178218,98042,Kent,WA,14315 SE 282nd St,4,4,https://www.redfin.com/WA/Kent/14315-SE-282nd-St-98042/home/402585,https://ssl.cdn-redfin.com/photo/1/islphoto/653/genIslnoResize.2298653_0.jpg
1280.0,575000,449.21875,98031,Kent,WA,23731 99th Ave S,3,3,https://www.redfin.com/WA/Kent/23731-99th-Ave-S-98031/home/397679,https://ssl.cdn-redfin.com/photo/1/islphoto/145/genIslnoResize.2307145_1.jpg
1119.0,409999,366.3976764968722,98032,Kent,WA,23960 58th Ct S Unit B3,2,2,https://www.redfin.com/WA/Kent/23960-58th-Ct-S-98032/unit-B3/home/40637,https://ssl.cdn-redfin.com/photo/1/islphoto/884/genIslnoResize.2306884_0.jpg
2040.0,800000,392.15686274509807,98031,Kent,WA,21829 131st Pl SE,3,3,https://www.redfin.com/WA/Kent/21829-131st-Pl-SE-98031/home/69353871,https://ssl.cdn-redfin.com/photo/1/islphoto/104/genIslnoResize.2300104_0.jpg
860.0,525000,610.4651162790698,98031,Kent,WA,20411 130th Pl SE,3,3,https://www.redfin.com/WA/Kent/20411-130th-Pl-SE-98031/home/221356,https://ssl.cdn-redfin.com/system_files/media/1009199_JPG/genDesktopMapHomeCardUrl/item_2.jpg
1726.0,535000,309.96523754345304,98032,Kent,WA,4301 S 220th Pl,3,3,https://www.redfin.com/WA/Kent/4301-S-220th-Pl-98032/home/48234,https://ssl.cdn-redfin.com/photo/1/islphoto/103/genIslnoResize.2291103_0.jpg
1440.0,185000,128.47222222222223,98042,Kent,WA,15232 SE 272ND St SE 18,3,3,https://www.redfin.com/WA/Kent/15232-SE-272nd-St-98042/unit-18/home/193368010,https://ssl.cdn-redfin.com/photo/1/islphoto/057/genIslnoResize.2307057_0.jpg
1220.0,528000,432.78688524590166,98032,Kent,WA,25604 33rd Ave S,3,3,https://www.redfin.com/WA/Kent/25604-33rd-Ave-S-98032/home/207597,https://ssl.cdn-redfin.com/photo/1/islphoto/580/genIslnoResize.2306580_0.jpg
2319.0,799950,344.9547218628719,98031,Kent,WA,20308 124th Pl SE,5,5,https://www.redfin.com/WA/Kent/20308-124th-Pl-SE-98030/home/190608739,https://ssl.cdn-redfin.com/photo/1/islphoto/271/genIslnoResize.2229271_0.jpg
1017.0,399000,392.33038348082596,98032,Kent,WA,23429 54th Ave S Unit 246,2,2,https://www.redfin.com/WA/Kent/23429-54th-Ave-S-98032/unit-24-6/home/2088303,https://ssl.cdn-redfin.com/photo/1/islphoto/589/genIslnoResize.2304589_0.jpg
3078.0,987000,320.6627680311891,98042,Kent,WA,13311 SE 238th Pl 12,5,5,https://www.redfin.com/WA/Kent/13311-SE-238th-Pl-98042/unit-12/home/193321836,https://ssl.cdn-redfin.com/photo/1/islphoto/389/genIslnoResize.2304389_0.jpg
2616.0,739950,282.85550458715596,98092,Auburn,WA,29019 121st Way SE,3,3,https://www.redfin.com/WA/Auburn/29019-121st-Way-SE-98092/home/22525019,https://ssl.cdn-redfin.com/photo/1/islphoto/557/genIslnoResize.2305557_0.jpg
1414.0,615000,434.93635077793493,98032,Kent,WA,5113 S 214th Way,3,3,https://www.redfin.com/WA/Kent/5113-S-214th-Way-98032/home/21743989,https://ssl.cdn-redfin.com/photo/1/islphoto/539/genIslnoResize.2305539_0.jpg
2000.0,750000,375.0,98031,Kent,WA,20441 98th Pl S,4,4,https://www.redfin.com/WA/Kent/20441-98th-Pl-S-98031/home/387405,https://ssl.cdn-redfin.com/photo/1/islphoto/504/genIslnoResize.2305504_1.jpg
3040.0,1025000,337.17105263157896,98042,Kent,WA,24040 146TH Pl SE,3,3,https://www.redfin.com/WA/Kent/24040-146th-Pl-SE-98042/home/398839,https://ssl.cdn-redfin.com/photo/1/islphoto/622/genIslnoResize.2304622_0.jpg
1065.0,309950,291.03286384976525,98030,Kent,WA,10648 SE 254th Pl Unit i3,2,2,https://www.redfin.com/WA/Kent/10648-SE-254th-Pl-98030/unit-I3/home/32974,https://ssl.cdn-redfin.com/photo/1/islphoto/328/genIslnoResize.2305328_0.jpg
2310.0,825000,357.14285714285717,98038,Maple Valley,WA,22437 SE 283rd St,3,3,https://www.redfin.com/WA/Maple-Valley/22437-SE-283rd-St-98038/home/109660951,https://ssl.cdn-redfin.com/photo/1/islphoto/935/genIslnoResize.2304935_0.jpg
1880.0,925000,492.02127659574467,98042,Kent,WA,17617 SE 293rd Pl,3,3,https://www.redfin.com/WA/Kent/17617-SE-293rd-Pl-98042/home/382893,https://ssl.cdn-redfin.com/photo/1/islphoto/052/genIslnoResize.2305052_0.jpg
3000.0,1090000,363.3333333333333,98042,Kent,WA,28713 207th Ave SE,3,3,https://www.redfin.com/WA/Kent/28713-207th-Ave-SE-98042/home/383031,https://ssl.cdn-redfin.com/photo/1/islphoto/291/genIslnoResize.2305291_2.jpg
2549.0,740000,290.3099254609651,98031,Kent,WA,12881 SE 225th Ct,4,4,https://www.redfin.com/WA/Kent/12881-SE-225th-Ct-98031/home/8188576,https://ssl.cdn-redfin.com/photo/1/islphoto/429/genIslnoResize.2304429_0.jpg
1024.0,315000,307.6171875,98189,Des Moines,WA,22810 30th Ave S Unit A104,3,3,https://www.redfin.com/WA/Des-Moines/22810-30th-Ave-S-98198/unit-A104/home/59265,https://ssl.cdn-redfin.com/photo/1/islphoto/895/genIslnoResize.2304895_0.jpg
2705.0,934900,345.6192236598891,98031,Kent,WA,19209 112th Ave SE 01,5,5,https://www.redfin.com/WA/Kent/19209-112th-Ave-SE-98031/unit-01/home/193283861,https://ssl.cdn-redfin.com/photo/1/islphoto/011/genIslnoResize.2305011_0.jpg
2350.0,975000,414.8936170212766,98030,Kent,WA,26223 97th Ave S,3,3,https://www.redfin.com/WA/Kent/26223-97th-Ave-S-98030/home/396767,https://ssl.cdn-redfin.com/photo/1/islphoto/729/genIslnoResize.2300729_0.jpg
806.0,239900,297.64267990074444,98030,Kent,WA,25735 115th Ave SE Unit J202,2,2,https://www.redfin.com/WA/Kent/25735-115th-Ave-SE-98030/unit-J202/home/33985,https://ssl.cdn-redfin.com/photo/1/islphoto/826/genIslnoResize.2290826_1.jpg
1870.0,665000,355.6149732620321,98030,Kent,WA,27115 116th Pl SE,4,4,https://www.redfin.com/WA/Kent/27115-116th-Pl-SE-98030/home/405436,https://ssl.cdn-redfin.com/photo/1/islphoto/892/genIslnoResize.2303892_0.jpg
3162.0,900000,284.6299810246679,98030,Kent,WA,12309 SE 271st Pl,4,4,https://www.redfin.com/WA/Kent/12309-SE-271st-Pl-98030/home/171929432,https://ssl.cdn-redfin.com/photo/1/islphoto/731/genIslnoResize.2303731_0.jpg
1152.0,165000,143.22916666666666,98031,Kent,WA,21914 106th Pl SE 36,2,2,https://www.redfin.com/WA/Kent/21914-106th-Pl-SE-98031/unit-36/home/108259996,https://ssl.cdn-redfin.com/photo/1/islphoto/504/genIslnoResize.2301504_2.jpg
4250.0,1399999,329.4115294117647,98092,Auburn,WA,11827 SE 290th Pl,5,5,https://www.redfin.com/WA/Auburn/11827-SE-290th-Pl-98092/home/2097773,https://ssl.cdn-redfin.com/photo/1/islphoto/418/genIslnoResize.2303418_0.jpg
924.0,99999,108.22402597402598,98042,Kent,WA,15232 272nd St SE 90,2,2,https://www.redfin.com/WA/Kent/15232-SE-272nd-St-98042/unit-90/home/175664959,https://ssl.cdn-redfin.com/photo/1/islphoto/922/genIslnoResize.2302922_0.jpg
1015.0,435000,428.57142857142856,98198,Seatac,WA,21420 40th Pl S Unit B,2,2,https://www.redfin.com/WA/Seatac/21420-40th-Pl-S-98198/unit-B/home/17382817,https://ssl.cdn-redfin.com/photo/1/islphoto/326/genIslnoResize.2302326_0.jpg
1065.0,370000,347.4178403755869,98030,Kent,WA,25255 108th Ave SE Unit J2,2,2,https://www.redfin.com/WA/Kent/25255-108th-Ave-SE-98030/unit-J2/home/30295,https://ssl.cdn-redfin.com/photo/1/islphoto/844/genIslnoResize.2302844_0.jpg
1977.0,775000,392.0080930703086,98030,Kent,WA,10320 SE 273rd Pl,3,3,https://www.redfin.com/WA/Kent/10320-SE-273rd-Pl-98030/home/22720179,https://ssl.cdn-redfin.com/photo/1/islphoto/542/genIslnoResize.2302542_1.jpg
2760.0,850000,307.9710144927536,98031,Kent,WA,11639 SE 217th Pl,4,4,https://www.redfin.com/WA/Kent/11639-SE-217th-Pl-98031/home/2118485,https://ssl.cdn-redfin.com/photo/1/islphoto/526/genIslnoResize.2302526_0.jpg
700.0,499000,712.8571428571429,98042,Kent,WA,24028 135th Ave SE,2,2,https://www.redfin.com/WA/Kent/24028-135th-Ave-SE-98042/home/400975,https://ssl.cdn-redfin.com/photo/1/islphoto/354/genIslnoResize.2302354_0.jpg
1248.0,474950,380.5689102564103,98030,Kent,WA,12535 SE Kent Kangley Rd,2,2,https://www.redfin.com/WA/Kent/12535-SE-Kent-Kangley-Rd-98030/home/406004,https://ssl.cdn-redfin.com/photo/1/islphoto/435/genIslnoResize.2302435_3.jpg
1900.0,575000,302.63157894736844,98030,Kent,WA,515 Jason Ave N,3,3,https://www.redfin.com/WA/Kent/515-Jason-Ave-N-98030/home/396785,https://ssl.cdn-redfin.com/photo/1/islphoto/229/genIslnoResize.2302229_2.jpg
1228.0,419500,341.6123778501629,98031,Kent,WA,11358 SE 211th Ln 40,2,2,https://www.redfin.com/WA/Kent/11358-SE-211th-Ln-98031/unit-40/home/17082479,https://ssl.cdn-redfin.com/photo/1/islphoto/170/genIslnoResize.2288170_1.jpg
1850.0,515000,278.3783783783784,98030,Kent,WA,10720 SE 242nd St Unit A9,3,3,https://www.redfin.com/WA/Kent/10720-SE-242nd-St-98030/unit-A9/home/12537131,https://ssl.cdn-redfin.com/system_files/media/1001818_JPG/genDesktopMapHomeCardUrl/item_1.jpg
723.0,259000,358.2295988934993,98030,Kent,WA,25232 105TH Pl SE Unit R1,1,1,https://www.redfin.com/WA/Kent/25232-105th-Pl-SE-98030/unit-R1/home/35204,https://ssl.cdn-redfin.com/photo/1/islphoto/681/genIslnoResize.2300681_1.jpg
2556.0,1064995,416.664710485133,98030,Kent,WA,24214 118th Pl SE,4,4,https://www.redfin.com/WA/Kent/24214-118th-Pl-SE-98030/home/193046677,https://ssl.cdn-redfin.com/photo/595/islphoto/DE4/genIslnoResize.16EF3771BDE4_0.jpg
4016.0,1399950,348.5931274900398,98030,Kent,WA,11919 SE 242nd St,4,4,https://www.redfin.com/WA/Kent/11919-SE-242nd-St-98030/home/193046678,https://ssl.cdn-redfin.com/photo/595/islphoto/1D0/genIslnoResize.114C5DB7D1D0_0.jpg
1060.0,729999,688.6783018867925,98030,Kent,WA,26435 SE 124th Ave,3,3,https://www.redfin.com/WA/Kent/26435-124th-Ave-SE-98030/home/401115,https://ssl.cdn-redfin.com/photo/1/islphoto/931/genIslnoResize.2300931_0.jpg
2319.0,799950,344.9547218628719,98030,Kent,WA,724 Van De Vanter Ave,5,5,https://www.redfin.com/WA/Kent/724-Van-de-Vanter-Ave-98030/home/22523409,https://ssl.cdn-redfin.com/photo/1/islphoto/014/genIslnoResize.2301014_1.jpg
1670.0,640150,383.32335329341316,98031,Kent,WA,21309 120th Pl SE,3,3,https://www.redfin.com/WA/Kent/21309-120th-Pl-SE-98031/home/223881,https://ssl.cdn-redfin.com/photo/1/islphoto/967/genIslnoResize.2300967_0.jpg
2490.0,875000,351.40562248995985,98031,Kent,WA,12125 SE 200th St,4,4,https://www.redfin.com/WA/Kent/12125-SE-200th-St-98031/home/220214,https://ssl.cdn-redfin.com/photo/1/islphoto/700/genIslnoResize.2300700_0.jpg
10164.0,1935000,190.37780401416765,98031,Kent,WA,406 E George St Unit 18,16,16,https://www.redfin.com/WA/Kent/406-E-George-St-98031/unit-1-8/home/193019151,https://ssl.cdn-redfin.com/photo/1/islphoto/776/genIslnoResize.2300776_0.jpg
995.0,405000,407.035175879397,98032,Kent,WA,23419 55th Ave S 1,2,2,https://www.redfin.com/WA/Kent/23419-55th-Ave-S-98032/unit-1/home/44615191,https://ssl.cdn-redfin.com/photo/1/islphoto/161/genIslnoResize.2300161_0.jpg
2160.0,749950,347.1990740740741,98042,Kent,WA,17514 SE 302nd St,3,3,https://www.redfin.com/WA/Kent/17514-SE-302nd-St-98042/home/381912,https://ssl.cdn-redfin.com/photo/1/islphoto/578/genIslnoResize.2299578_0.jpg
1229.0,380000,309.19446704637915,98042,Kent,WA,13306 SE 272nd St Unit B101,3,3,https://www.redfin.com/WA/Kent/13306-SE-272nd-St-98042/unit-B101/home/36815,https://ssl.cdn-redfin.com/photo/1/islphoto/906/genIslnoResize.2299906_0.jpg
1839.0,742950,403.9967373572594,98032,Kent,WA,27106 30th Pl S 28,4,4,https://www.redfin.com/WA/Kent/27106-30th-Place-S-98032/unit-28/home/192973176,https://ssl.cdn-redfin.com/photo/1/islphoto/949/genIslnoResize.2298949_0.jpg
2860.0,1375000,480.7692307692308,98042,Kent,WA,17630 SE 238th St,4,4,https://www.redfin.com/WA/Kent/17630-SE-238th-St-98042/home/394867,https://ssl.cdn-redfin.com/photo/1/islphoto/835/genIslnoResize.2295835_0.jpg
2300.0,1200000,521.7391304347826,98042,Kent,WA,31430 W Lake Morton Dr SE,3,3,https://www.redfin.com/WA/Kent/31430-W-Lake-Morton-Dr-SE-98042/home/383064,https://ssl.cdn-redfin.com/photo/1/islphoto/541/genIslnoResize.2295541_0.jpg
2360.0,779000,330.08474576271186,98032,Kent,WA,23719 42nd Pl S,3,3,https://www.redfin.com/WA/Kent/23719-42nd-Pl-S-98032/home/208318,https://ssl.cdn-redfin.com/photo/1/islphoto/225/genIslnoResize.2295225_0.jpg
3302.0,1189000,360.0847970926711,98042,Kent,WA,27531 148th Ave SE,5,5,https://www.redfin.com/WA/Kent/27531-148th-Ave-SE-98042/home/188537609,https://ssl.cdn-redfin.com/photo/1/islphoto/998/genIslnoResize.2297998_0.jpg
3106.0,1329950,428.1873792659369,98031,Kent,WA,21915 99th Pl S,4,4,https://www.redfin.com/WA/Kent/21915-99th-Pl-S-98031/home/22537694,https://ssl.cdn-redfin.com/photo/1/islphoto/005/genIslnoResize.2298005_0.jpg
1294.0,480000,370.9428129829985,98032,Kent,WA,5428 S 233rd St Unit 143,3,3,https://www.redfin.com/WA/Kent/5428-S-233rd-St-98032/unit-14-3/home/191523838,https://ssl.cdn-redfin.com/photo/1/islphoto/101/genIslnoResize.2297101_0.jpg
2129.0,715000,335.8384217942696,98030,Kent,WA,12505 SE 265th Ct,4,4,https://www.redfin.com/WA/Kent/12505-SE-265th-Ct-98030/home/22440452,https://ssl.cdn-redfin.com/photo/1/islphoto/322/genIslnoResize.2296322_0.jpg
1137.0,390000,343.00791556728234,98042,Kent,WA,13724 SE 257th Ct 22,2,2,https://www.redfin.com/WA/Kent/13724-SE-257th-Ct-98042/unit-22/home/23625,https://ssl.cdn-redfin.com/photo/1/islphoto/712/genIslnoResize.2294712_0.jpg
1536.0,133500,86.9140625,98031,Kent,WA,11436 SE 208th St 92,3,3,https://www.redfin.com/WA/Kent/11436-SE-208th-St-98031/unit-92/home/61585578,https://ssl.cdn-redfin.com/photo/1/islphoto/973/genIslnoResize.2295973_1.jpg
2710.0,914925,337.6107011070111,98042,Kent,WA,13326 SE 238th Pl 2,5,5,https://www.redfin.com/WA/Kent/13326-SE-238th-Pl-98042/unit-2/home/192802633,https://ssl.cdn-redfin.com/photo/1/islphoto/675/genIslnoResize.2294675_0.jpg
910.0,499950,549.3956043956044,98031,Kent,WA,715 Woodford Ave N,2,2,https://www.redfin.com/WA/Kent/715-Woodford-Ave-N-98031/home/397832,https://ssl.cdn-redfin.com/photo/1/islphoto/154/genIslnoResize.2296154_1.jpg
2130.0,825000,387.32394366197184,98042,Kent,WA,19825 SE 296th St,4,4,https://www.redfin.com/WA/Kent/19825-SE-296th-St-98042/home/382195,https://ssl.cdn-redfin.com/photo/1/islphoto/848/genIslnoResize.2293848_5.jpg
2509.0,824375,328.56715823037064,98032,Kent,WA,26928 30th Pl S 36,4,4,https://www.redfin.com/WA/Kent/26928-30th-Pl-S-98032/unit-36/home/192800016,https://ssl.cdn-redfin.com/photo/1/islphoto/855/genIslnoResize.2284855_2.jpg
2560.0,785000,306.640625,98030,Kent,WA,26406 99th Pl S,4,4,https://www.redfin.com/WA/Kent/26406-99th-Pl-S-98030/home/396136,https://ssl.cdn-redfin.com/photo/1/islphoto/400/genIslnoResize.2295400_0.jpg
2860.0,920000,321.67832167832165,98042,Kent,WA,15227 SE 234th St,4,4,https://www.redfin.com/WA/Kent/15227-SE-234th-St-98042/home/2092774,https://ssl.cdn-redfin.com/photo/1/islphoto/961/genIslnoResize.2294961_0.jpg
2216.0,690000,311.3718411552347,98030,Kent,WA,11631 SE 266th Ct,4,4,https://www.redfin.com/WA/Kent/11631-SE-266th-Ct-98030/home/22271035,https://ssl.cdn-redfin.com/photo/1/islphoto/301/genIslnoResize.2295301_0.jpg
2340.0,829000,354.2735042735043,98042,Covington,WA,28248 187th Ave SE,4,4,https://www.redfin.com/WA/Kent/28248-187th-Ave-SE-98042/home/383289,https://ssl.cdn-redfin.com/photo/1/islphoto/800/genIslnoResize.2294800_1.jpg
1860.0,826920,444.5806451612903,98092,Auburn,WA,12424 SE 305th Pl,3,3,https://www.redfin.com/WA/Auburn/12424-SE-305th-Pl-98092/home/192744183,https://ssl.cdn-redfin.com/photo/595/islphoto/B12/genIslnoResize.CCE9A4FDDB12_0.jpg
5998.0,1749999,291.7637545848616,98042,Kent,WA,31250 157th Pl SE,5,5,https://www.redfin.com/WA/Kent/31250-157th-Pl-SE-98042/home/22224767,https://ssl.cdn-redfin.com/photo/1/islphoto/359/genIslnoResize.2294359_0.jpg
940.0,500000,531.9148936170212,98031,Kent,WA,22527 104th Ave SE,1,1,https://www.redfin.com/WA/Kent/22527-104th-Ave-SE-98031/home/385754,https://ssl.cdn-redfin.com/photo/1/islphoto/203/genIslnoResize.2294203_0.jpg
1450.0,660000,455.17241379310343,98031,Kent,WA,20182 110th Pl SE,3,3,https://www.redfin.com/WA/Kent/20182-110th-Pl-SE-98031/home/12306942,https://ssl.cdn-redfin.com/photo/1/islphoto/418/genIslnoResize.2278418_0.jpg
2597.0,879683,338.73045822102426,98092,Auburn,WA,12404 SE 305th Pl,5,5,https://www.redfin.com/WA/Auburn/12404-SE-305th-Pl-98092/home/192650011,https://ssl.cdn-redfin.com/photo/595/islphoto/23D/genIslnoResize.4D038B1B323D_1.jpg
2630.0,734888,279.42509505703424,98030,Kent,WA,1123 E MACLYN St,3,3,https://www.redfin.com/WA/Kent/1123-E-Maclyn-St-98030/home/398004,https://ssl.cdn-redfin.com/photo/1/islphoto/132/genIslnoResize.2293132_0.jpg
1608.0,840000,522.3880597014926,98030,Kent,WA,12013 SE Kent Kangley Rd,3,3,https://www.redfin.com/WA/Kent/12013-SE-Kent-Kangley-Rd-98030/home/405374,https://ssl.cdn-redfin.com/photo/1/islphoto/323/genIslnoResize.2291323_0.jpg
2550.0,799500,313.52941176470586,98030,Kent,WA,24110 119th Pl SE,4,4,https://www.redfin.com/WA/Kent/24110-119th-Pl-SE-98030/home/12317752,https://ssl.cdn-redfin.com/photo/1/islphoto/041/genIslnoResize.2289041_0.jpg
1860.0,815612,438.5010752688172,98092,Auburn,WA,12433 SE 305th Pl,3,3,https://www.redfin.com/WA/Auburn/12433-SE-305th-Pl-98092/home/192629316,https://ssl.cdn-redfin.com/photo/595/islphoto/48F/genIslnoResize.C3D5F3AB448F_0.jpg
1629.0,814353,499.9097605893186,98092,Auburn,WA,12405 SE 305th Pl,3,3,https://www.redfin.com/WA/Auburn/12405-SE-305th-Pl-98092/home/192629294,https://ssl.cdn-redfin.com/photo/595/islphoto/238/genIslnoResize.8ECA16F98238_1.jpg
2228.0,809200,363.1956912028725,98092,Auburn,WA,12411 SE 305th Pl,3,3,https://www.redfin.com/WA/Auburn/12411-SE-305th-Pl-98092/home/192629283,https://ssl.cdn-redfin.com/photo/595/islphoto/744/genIslnoResize.37D10085F744_1.jpg
886.0,280000,316.0270880361174,98198,Des Moines,WA,22810 30th Ave S Unit B103,2,2,https://www.redfin.com/WA/Des-Moines/22810-30th-Ave-S-98198/unit-B103/home/48429,https://ssl.cdn-redfin.com/photo/1/islphoto/423/genIslnoResize.2292423_0.jpg
3377.0,1100000,325.7328990228013,98042,Kent,WA,13527 SE 268th St,4,4,https://www.redfin.com/WA/Kent/13527-SE-268th-St-98042/home/398188,https://ssl.cdn-redfin.com/photo/1/islphoto/072/genIslnoResize.2290072_0.jpg
2500.0,790000,316.0,98042,Kent,WA,28314 193rd Ave SE,4,4,https://www.redfin.com/WA/Kent/28314-193rd-Ave-SE-98042/home/382382,https://ssl.cdn-redfin.com/photo/1/islphoto/824/genIslnoResize.2280824_0.jpg
3420.0,799000,233.62573099415204,98030,Kent,WA,25617 129th Ave SE,4,4,https://www.redfin.com/WA/Kent/25617-129th-Ave-SE-98030/home/402034,https://ssl.cdn-redfin.com/photo/1/islphoto/714/genIslnoResize.2289714_1.jpg
880.0,495000,562.5,98032,Kent,WA,26012 36th Pl S,2,2,https://www.redfin.com/WA/Kent/26012-36th-Pl-S-98032/home/206490,https://ssl.cdn-redfin.com/photo/1/islphoto/291/genIslnoResize.2288291_0.jpg
1069.0,365000,341.4405986903648,98030,Kent,WA,10822 SE 260th St Unit 2B1,2,2,https://www.redfin.com/WA/Kent/10822-SE-260th-St-98030/unit-2B1/home/175676248,https://ssl.cdn-redfin.com/photo/1/islphoto/767/genIslnoResize.2289767_0.jpg
8376.0,1850000,220.8691499522445,98032,Kent,WA,412 418 W Meeker St,8,8,https://www.redfin.com/WA/Kent/412-W-Meeker-St-98032/home/101625989,https://ssl.cdn-redfin.com/photo/1/islphoto/239/genIslnoResize.2289239_0.jpg
2500.0,789000,315.6,98042,Kent,WA,14174 SE 255th St,4,4,https://www.redfin.com/WA/Kent/14174-SE-255th-St-98042/home/400562,https://ssl.cdn-redfin.com/photo/1/islphoto/807/genIslnoResize.2288807_0.jpg
2685.0,769000,286.40595903165735,98032,Kent,WA,21626 46th Pl S 89,5,5,https://www.redfin.com/WA/Kent/21626-46th-Pl-S-98032/unit-89/home/12318444,https://ssl.cdn-redfin.com/photo/1/islphoto/312/genIslnoResize.2285312_0.jpg
2130.0,719999,338.02769953051643,98031,Kent,WA,9522 S 214th Pl,3,3,https://www.redfin.com/WA/Kent/9522-S-214th-Pl-98031/home/385554,https://ssl.cdn-redfin.com/photo/1/islphoto/885/genIslnoResize.2285885_1.jpg
1095.0,350000,319.634703196347,98030,Kent,WA,26339 116th Ave SE Unit I205,3,3,https://www.redfin.com/WA/Kent/26339-116th-Ave-SE-98030/unit-I205/home/2066299,https://ssl.cdn-redfin.com/photo/1/islphoto/048/genIslnoResize.2287048_0.jpg
2319.0,789950,340.642518326865,98030,Kent,WA,730 Van De Vanter Ave,5,5,https://www.redfin.com/WA/Kent/730-Van-de-Vanter-Ave-98030/home/112863400,https://ssl.cdn-redfin.com/photo/1/islphoto/366/genIslnoResize.2287366_3.jpg
1416.0,455000,321.3276836158192,98031,Kent,WA,23501 112th Ave SE Unit N102,2,2,https://www.redfin.com/WA/Kent/23501-112th-Ave-SE-98031/unit-N102/home/72937,https://ssl.cdn-redfin.com/photo/1/islphoto/632/genIslnoResize.2287632_0.jpg
2710.0,905975,334.3081180811808,98042,Kent,WA,13323 SE 238th Pl 14,5,5,https://www.redfin.com/WA/Kent/13323-SE-238th-Pl-98042/unit-14/home/192393531,https://ssl.cdn-redfin.com/photo/1/islphoto/660/genIslnoResize.2286660_0.jpg
2726.0,914700,335.5465884079237,98042,Kent,WA,13317 SE 238th Pl 13,5,5,https://www.redfin.com/WA/Kent/13317-SE-238th-Pl-98042/unit-13/home/192393430,https://ssl.cdn-redfin.com/photo/1/islphoto/869/genIslnoResize.2286869_0.jpg
2525.0,880200,348.5940594059406,98042,Kent,WA,13324 SE 238th Pl 3,4,4,https://www.redfin.com/WA/Kent/13324-SE-238th-Pl-98042/unit-3/home/192393380,https://ssl.cdn-redfin.com/photo/1/islphoto/885/genIslnoResize.2286885_0.jpg
2350.0,834681,355.18340425531915,98092,Auburn,WA,12441 SE 305th Pl,4,4,https://www.redfin.com/WA/Auburn/12441-SE-305th-Pl-98092/home/192385579,https://ssl.cdn-redfin.com/photo/595/islphoto/AEC/genIslnoResize.6F3846B05AEC_1.jpg
805.0,254998,316.76770186335403,98030,Kent,WA,26339 116th Ave SE Unit I202,2,2,https://www.redfin.com/WA/Kent/26339-116th-Ave-SE-98030/unit-I202/home/2082899,https://ssl.cdn-redfin.com/photo/1/islphoto/934/genIslnoResize.2286934_0.jpg
2010.0,1795000,893.0348258706467,98042,Kent,WA,14416 SE 270th Pl,3,3,https://www.redfin.com/WA/Kent/14416-SE-270th-Pl-98042/home/400777,https://ssl.cdn-redfin.com/photo/1/islphoto/996/genIslnoResize.2286996_3.jpg
1480.0,980000,662.1621621621622,98042,Kent,WA,29517 164th Ave SE,3,3,https://www.redfin.com/WA/Kent/29517-164th-Ave-SE-98042/home/382203,https://ssl.cdn-redfin.com/photo/1/islphoto/932/genIslnoResize.2285932_0.jpg
1799.0,500000,277.9321845469705,98030,Kent,WA,10700 SE 260th St Unit K103,3,3,https://www.redfin.com/WA/Kent/10700-SE-260th-St-98030/unit-K103/home/35060,https://ssl.cdn-redfin.com/photo/1/islphoto/774/genIslnoResize.2286774_0.jpg
2703.0,869950,321.84609692933776,98042,Kent,WA,14404 SE 284th Pl,5,5,https://www.redfin.com/WA/Unknown/14404-Se-284th-Pl-Unknown/home/185885515,https://ssl.cdn-redfin.com/photo/1/islphoto/998/genIslnoResize.2285998_1.jpg
1520.0,680000,447.36842105263156,98030,Kent,WA,11912 SE 261st Pl,3,3,https://www.redfin.com/WA/Kent/11912-SE-261st-Pl-98030/home/399191,https://ssl.cdn-redfin.com/photo/1/islphoto/621/genIslnoResize.2285621_0.jpg
1290.0,540000,418.6046511627907,98031,Kent,WA,22928 105th Ave SE,3,3,https://www.redfin.com/WA/Kent/22928-105th-Ave-SE-98031/home/221299,https://ssl.cdn-redfin.com/system_files/media/981431_JPG/genDesktopMapHomeCardUrl/item_1.jpg
2340.0,675000,288.46153846153845,98031,Kent,WA,20703 93rd Pl S 4,3,3,https://www.redfin.com/WA/Kent/20703-93rd-Pl-S-98031/unit-4/home/109878593,https://ssl.cdn-redfin.com/photo/1/islphoto/255/genIslnoResize.2282255_1.jpg
721.0,96000,133.14840499306518,98042,Kent,WA,15232 SE 272nd St 99,2,2,https://www.redfin.com/WA/Kent/15232-SE-272nd-St-98042/unit-99/home/178997206,https://ssl.cdn-redfin.com/photo/1/islphoto/749/genIslnoResize.2284749_0.jpg
1980.0,605000,305.55555555555554,98042,Kent,WA,15335 SE 307th St,4,4,https://www.redfin.com/WA/Kent/15335-SE-307th-St-98042/home/380189,https://ssl.cdn-redfin.com/photo/1/islphoto/686/genIslnoResize.2280686_0.jpg
2800.0,1090000,389.2857142857143,98042,Kent,WA,18415 SE Covington Sawyer Rd,4,4,https://www.redfin.com/WA/Kent/18415-SE-Covington-Sawyer-Rd-98042/home/382301,https://ssl.cdn-redfin.com/photo/1/islphoto/467/genIslnoResize.2284467_1.jpg
1016.0,389999,383.85728346456693,98032,Kent,WA,23235 58th S 1,2,2,https://www.redfin.com/WA/Kent/23235-58th-Ave-S-98032/unit-1/home/58762,https://ssl.cdn-redfin.com/photo/1/islphoto/514/genIslnoResize.2278514_0.jpg
1400.0,1400000,1000.0,98042,Kent,WA,26508 132nd Ave SE,3,3,https://www.redfin.com/WA/Kent/26508-132nd-Ave-SE-98042/home/401135,https://ssl.cdn-redfin.com/photo/1/islphoto/955/genIslnoResize.2281955_0.jpg
1740.0,620000,356.32183908045977,98055,Renton,WA,19604 108th Ave SE,3,3,https://www.redfin.com/WA/Renton/19604-108-Ave-98055/home/220267,https://ssl.cdn-redfin.com/photo/1/islphoto/468/genIslnoResize.2280468_0.jpg
1714.0,599000,349.4749124854142,98031,Kent,WA,22328 88th Way S Unit B106,3,3,https://www.redfin.com/WA/Kent/22328-88th-Way-S-98031/unit-B106/home/174072562,https://ssl.cdn-redfin.com/photo/1/islphoto/632/genIslnoResize.2281632_2.jpg
2140.0,695000,324.76635514018693,98042,Kent,WA,13704 SE 270th St,4,4,https://www.redfin.com/WA/Kent/13704-SE-270th-St-98042/home/401847,https://ssl.cdn-redfin.com/photo/1/islphoto/525/genIslnoResize.2280525_0.jpg
1504.0,160000,106.38297872340425,98042,Kent,WA,15410 SE 272nd St 17,3,3,https://www.redfin.com/WA/Kent/15410-SE-272nd-St-98042/unit-17/home/21727442,https://ssl.cdn-redfin.com/photo/1/islphoto/254/genIslnoResize.2277254_0.jpg
1830.0,749900,409.78142076502735,98038,Maple Valley,WA,27345 245th Ave SE,4,4,https://www.redfin.com/WA/Maple-Valley/27345-245th-Ave-SE-98038/home/379406,https://ssl.cdn-redfin.com/photo/1/islphoto/658/genIslnoResize.2274658_4.jpg
8775.0,3150000,358.97435897435895,98032,Kent,WA,720 Washington Ave N,19,19,https://www.redfin.com/WA/Kent/720-Washington-Ave-N-98032/home/2079237,https://ssl.cdn-redfin.com/photo/1/islphoto/542/genIslnoResize.2280542_0.jpg
3437.0,1266991,368.6328193191737,98030,Kent,WA,11908 SE 242nd St,4,4,https://www.redfin.com/WA/Kent/11908-SE-242nd-St-98030/home/192107466,https://ssl.cdn-redfin.com/photo/595/islphoto/7B5/genIslnoResize.B1F2ED3237B5_1.jpg
2597.0,1086685,418.43858298036196,98030,Kent,WA,11904 SE 242nd Pl,4,4,https://www.redfin.com/WA/Kent/11904-SE-242nd-Pl-98030/home/192107432,https://ssl.cdn-redfin.com/photo/595/islphoto/B7B/genIslnoResize.02AE98CA1B7B_0.jpg
2783.0,800000,287.4595759971254,98032,Kent,WA,4502 S 218 St 133,5,5,https://www.redfin.com/WA/Kent/4502-S-218th-St-98032/unit-133/home/192104129,https://ssl.cdn-redfin.com/photo/1/islphoto/011/genIslnoResize.2268011_1.jpg
2680.0,834750,311.4738805970149,98042,Kent,WA,14033 SE 278th St,4,4,https://www.redfin.com/WA/Kent/14033-SE-278th-St-98042/home/404204,https://ssl.cdn-redfin.com/photo/1/islphoto/479/genIslnoResize.2271479_0.jpg
2510.0,999999,398.4059760956175,98042,Kent,WA,17516 SE 292nd Pl,4,4,https://www.redfin.com/WA/Kent/17516-SE-292nd-Pl-98042/home/382502,https://ssl.cdn-redfin.com/photo/1/islphoto/168/genIslnoResize.2278168_1.jpg
1148.0,450000,391.98606271777004,98032,Kent,WA,6232 S 233rd St,2,2,https://www.redfin.com/WA/Kent/6232-S-233rd-St-98032/home/60705,https://ssl.cdn-redfin.com/photo/1/islphoto/466/genIslnoResize.2277466_0.jpg
2440.0,735000,301.2295081967213,98031,Kent,WA,12614 SE 208th Pl,5,5,https://www.redfin.com/WA/Kent/12614-SE-208th-Pl-98031/home/223623,https://ssl.cdn-redfin.com/photo/1/islphoto/168/genIslnoResize.2273168_J.jpg
1270.0,754950,594.4488188976378,98042,Kent,WA,26404 132nd Ave SE,2,2,https://www.redfin.com/WA/Kent/26404-132nd-Ave-SE-98042/home/398575,https://ssl.cdn-redfin.com/photo/1/islphoto/021/genIslnoResize.2277021_1.jpg
1610.0,680000,422.360248447205,98030,Kent,WA,12623 SE 277th Place Pl SE,4,4,https://www.redfin.com/WA/Kent/12623-SE-277th-Pl-98030/home/405101,https://ssl.cdn-redfin.com/photo/1/islphoto/141/genIslnoResize.2277141_0.jpg
1609.0,459950,285.86078309509014,98030,Kent,WA,10509 SE 250th Pl Unit D103,3,3,https://www.redfin.com/WA/Kent/10509-SE-250th-Pl-98030/unit-D103/home/47336,https://ssl.cdn-redfin.com/photo/1/islphoto/524/genIslnoResize.2232524_0.jpg
2687.0,842125,313.4071455154447,98032,Kent,WA,26902 30th Pl S,3,3,https://www.redfin.com/WA/Kent/26902-30th-PL-S-98032/home/192019880,https://ssl.cdn-redfin.com/photo/595/islphoto/2FF/genIslnoResize.4485B3EAF2FF_0.jpg
2687.0,820950,305.5266096017864,98032,Kent,WA,The Avalon Plan,3,3,https://www.redfin.com/WA/Kent/Kent/The-Avalon/home/192019874,https://ssl.cdn-redfin.com/photo/595/islphoto/86B/genIslnoResize.31131EF9586B_0.jpg
2640.0,925000,350.3787878787879,98042,Kent,WA,19409 SE 277th St,4,4,https://www.redfin.com/WA/Kent/19409-SE-277th-St-98042/home/382352,https://ssl.cdn-redfin.com/photo/1/islphoto/939/genIslnoResize.2275939_0.jpg
1416.0,435000,307.20338983050846,98031,Kent,WA,23501 112th Ave SE Unit E102,2,2,https://www.redfin.com/WA/Kent/23501-112th-Ave-SE-98031/unit-E102/home/19013,https://ssl.cdn-redfin.com/photo/1/islphoto/698/genIslnoResize.2275698_0.jpg
2267.0,699999,308.7776797529775,98092,Auburn,WA,29322 120th Ave SE,5,5,https://www.redfin.com/WA/Auburn/29322-120th-Ave-SE-98092/home/22494933,https://ssl.cdn-redfin.com/photo/1/islphoto/235/genIslnoResize.2272235_0.jpg
1394.0,489950,351.47058823529414,98032,Kent,WA,5403 S 234 St Unit 53,3,3,https://www.redfin.com/WA/Kent/5403-S-234th-St-98032/unit-5-3/home/56786,https://ssl.cdn-redfin.com/photo/1/islphoto/293/genIslnoResize.2273293_0.jpg
2110.0,650000,308.0568720379147,98042,Kent,WA,14148 SE 238th Ln 11,3,3,https://www.redfin.com/WA/Kent/14148-SE-238th-Ln-98042/unit-11/home/225480,https://ssl.cdn-redfin.com/photo/1/islphoto/062/genIslnoResize.2271062_0.jpg
3490.0,1169995,335.24212034383953,98042,Kent,WA,21036 142nd Ave SE,5,5,https://www.redfin.com/WA/Kent/21036-142nd-Ave-SE-98042/home/393159,https://ssl.cdn-redfin.com/system_files/media/935647_JPG/genDesktopMapHomeCardUrl/item_139.jpg
1888.0,744950,394.57097457627117,98031,Kent,WA,20316 124th Pl SE,4,4,https://www.redfin.com/WA/Kent/20316-124th-Pl-SE-98030/home/190608783,https://ssl.cdn-redfin.com/photo/1/islphoto/205/genIslnoResize.2270205_0.jpg
3910.0,1300000,332.48081841432224,98030,Kent,WA,26461 104th Ave SE,5,5,https://www.redfin.com/WA/Kent/26461-104th-Ave-SE-98030/home/397197,https://ssl.cdn-redfin.com/photo/1/islphoto/565/genIslnoResize.2271565_0.jpg
2450.0,740000,302.0408163265306,98030,Kent,WA,13103 SE 261st Pl,5,5,https://www.redfin.com/WA/Kent/13103-SE-261st-Pl-98030/home/400267,https://ssl.cdn-redfin.com/photo/1/islphoto/237/genIslnoResize.2269237_0.jpg
1008.0,359999,357.14186507936506,98198,Seatac,WA,21507 42nd Ave S Unit E8,2,2,https://www.redfin.com/WA/SeaTac/21507-42nd-Ave-S-98198/unit-E-8/home/191494697,https://ssl.cdn-redfin.com/photo/1/islphoto/170/genIslnoResize.2247170_0.jpg
3437.0,1281995,372.9982542915333,98030,Kent,WA,24201 118th Pl SE,4,4,https://www.redfin.com/WA/Kent/24201-118th-Pl-SE-98030/home/191759039,https://ssl.cdn-redfin.com/photo/595/islphoto/6C3/genIslnoResize.3DCDE59916C3_1.jpg
993.0,430000,433.0312185297079,98032,Kent,WA,5731 S 234th Pl Unit 96,2,2,https://www.redfin.com/WA/Kent/5731-S-234th-Pl-98032/unit-9-6/home/30469,https://ssl.cdn-redfin.com/photo/1/islphoto/014/genIslnoResize.2266014_0.jpg
1004.0,360000,358.56573705179284,98030,Kent,WA,25732 115th Ave SE Unit c101,3,3,https://www.redfin.com/WA/Kent/25732-115th-Ave-SE-98030/unit-C101/home/191518561,https://ssl.cdn-redfin.com/photo/1/islphoto/734/genIslnoResize.2266734_2.jpg
2705.0,934900,345.6192236598891,98031,Kent,WA,Plan A275 Plan,4,4,https://www.redfin.com/WA/Kent/Kent/Plan-A-275/home/189117556,https://ssl.cdn-redfin.com/photo/595/islphoto/66B/genIslnoResize.0817184E266B_1.jpg
1065.0,329950,309.81220657277,98030,Kent,WA,25406 106th Ave SE Unit E3,2,2,https://www.redfin.com/WA/Kent/25406-106th-Ave-SE-98030/unit-E3/home/32969,https://ssl.cdn-redfin.com/photo/1/islphoto/917/genIslnoResize.2263917_0.jpg
2620.0,724950,276.69847328244276,98031,Kent,WA,23629 97th Ave S,5,5,https://www.redfin.com/WA/Kent/23629-97th-Ave-S-98031/home/2115842,https://ssl.cdn-redfin.com/photo/1/islphoto/002/genIslnoResize.2252002_1.jpg
896.0,345950,386.1049107142857,98031,Kent,WA,11130 SE 208th St Unit J104,2,2,https://www.redfin.com/WA/Kent/11130-SE-208th-St-98031/unit-J104/home/35814,https://ssl.cdn-redfin.com/photo/1/islphoto/326/genIslnoResize.2248326_0.jpg
3199.0,899750,281.2597686777118,98042,Kent,WA,27731 155th Ln SE,4,4,https://www.redfin.com/WA/Kent/27731-155th-Ln-SE-98042/home/109661686,https://ssl.cdn-redfin.com/photo/1/islphoto/907/genIslnoResize.2256907_0.jpg
800.0,315000,393.75,98032,Kent,WA,23522 54th Ave S Unit 33,1,1,https://www.redfin.com/WA/Kent/23522-54th-Ave-S-98032/unit-3-3/home/2072667,https://ssl.cdn-redfin.com/photo/1/islphoto/199/genIslnoResize.2241199_0.jpg
3710.0,889900,239.86522911051213,98030,Kent,WA,740 Wynwood Dr,4,4,https://www.redfin.com/WA/Kent/740-Wynwood-Dr-98030/home/397988,https://ssl.cdn-redfin.com/photo/1/islphoto/773/genIslnoResize.2243773_D.jpg
2556.0,1053505,412.1694053208138,98030,Kent,WA,24210 SE 118th Pl SE,4,4,https://www.redfin.com/WA/Kent/24210-118th-Pl-SE-98030/home/191215944,https://ssl.cdn-redfin.com/photo/595/islphoto/5D1/genIslnoResize.6BE7F865F5D1_1.jpg
2358.0,874900,371.0347752332485,98031,Kent,WA,Plan A235 Plan,3,3,https://www.redfin.com/WA/Kent/Kent/Plan-A-235/home/189117663,https://ssl.cdn-redfin.com/photo/595/islphoto/9C0/genIslnoResize.52718B2E39C0_0.jpg
2038.0,649950,318.91560353287537,98092,Auburn,WA,12114 SE 292nd St,4,4,https://www.redfin.com/WA/Auburn/12114-SE-292nd-St-98092/home/22494919,https://ssl.cdn-redfin.com/photo/1/islphoto/986/genIslnoResize.2251986_0.jpg
1246.0,529900,425.2808988764045,98030,Kent,WA,26136 108th Ave SE,4,4,https://www.redfin.com/WA/Kent/26136-108th-Ave-SE-98030/home/405731,https://ssl.cdn-redfin.com/photo/1/islphoto/009/genIslnoResize.2251009_0.jpg
1980.0,639000,322.72727272727275,98032,Kent,WA,26250 39 Pl S,5,5,https://www.redfin.com/WA/Kent/26250-39th-Pl-S-98032/home/208121,https://ssl.cdn-redfin.com/photo/1/islphoto/534/genIslnoResize.2249534_1.jpg
1103.0,389000,352.6745240253853,98030,Kent,WA,26221 116th Ave SE Unit F301,3,3,https://www.redfin.com/WA/Kent/26221-116th-Ave-SE-98030/unit-F301/home/191059513,https://ssl.cdn-redfin.com/photo/1/islphoto/391/genIslnoResize.2248391_0.jpg
2220.0,615000,277.02702702702703,98030,Kent,WA,417 Prospect Ave N,3,3,https://www.redfin.com/WA/Kent/417-Prospect-Ave-N-98030/home/396013,https://ssl.cdn-redfin.com/photo/1/islphoto/768/genIslnoResize.2236768_0.jpg
1370.0,550000,401.45985401459853,98030,Kent,WA,25418 115th Ave SE,3,3,https://www.redfin.com/WA/Kent/25418-115th-Ave-SE-98030/home/399054,https://ssl.cdn-redfin.com/photo/1/islphoto/993/genIslnoResize.2244993_2.jpg
2853.0,869950,304.92464072905716,98032,Kent,WA,26905 30th Pl S 9,4,4,https://www.redfin.com/WA/Kent/26905-30th-PL-S-98032/unit-9/home/191011249,https://ssl.cdn-redfin.com/photo/1/islphoto/199/genIslnoResize.2242199_2.jpg
2033.0,762700,375.1598622725037,98032,Kent,WA,27019 30th Pl S 17,4,4,https://www.redfin.com/WA/Kent/27019-30th-PL-S-98032/unit-17/home/191008656,https://ssl.cdn-redfin.com/photo/1/islphoto/536/genIslnoResize.2241536_0.jpg
2603.0,859950,330.3688052247407,98032,Kent,WA,26911 30th Pl S 10,4,4,https://www.redfin.com/WA/Kent/26911-30th-PL-S-98032/unit-10/home/191008206,https://ssl.cdn-redfin.com/photo/1/islphoto/452/genIslnoResize.2242452_0.jpg
2191.0,773125,352.8639890460977,98032,Kent,WA,26906 30th Pl S 41,4,4,https://www.redfin.com/WA/Kent/26906-30th-PL-S-98032/unit-41/home/191009462,https://ssl.cdn-redfin.com/photo/1/islphoto/204/genIslnoResize.2241204_2.jpg
2492.0,823125,330.3069823434992,98032,Kent,WA,26832 30th Pl S 43,4,4,https://www.redfin.com/WA/Kent/26832-30th-PL-S-98032/unit-43/home/191008185,https://ssl.cdn-redfin.com/photo/1/islphoto/453/genIslnoResize.2241453_1.jpg
2191.0,770125,351.49475125513464,98032,Kent,WA,26915 30th Pl S 12,3,3,https://www.redfin.com/WA/Kent/26915-30th-PL-S-98032/unit-12/home/191009508,https://ssl.cdn-redfin.com/photo/1/islphoto/214/genIslnoResize.2242214_3.jpg
2451.0,843950,344.32884536923706,98032,Kent,WA,27117 30th Pl S 24,5,5,https://www.redfin.com/WA/Kent/27117-30th-PL-S-98032/unit-24/home/191009479,https://ssl.cdn-redfin.com/photo/1/islphoto/547/genIslnoResize.2241547_2.jpg
2687.0,842125,313.4071455154447,98032,Kent,WA,26902 30th Pl S 42,4,4,https://www.redfin.com/WA/Kent/26902-30th-PL-S-98032/unit-42/home/191008633,https://ssl.cdn-redfin.com/photo/1/islphoto/443/genIslnoResize.2241443_2.jpg
2493.0,833125,334.1857200160449,98032,Kent,WA,27006 30th Pl S 35,4,4,https://www.redfin.com/WA/Kent/27006-30th-PL-S-98032/unit-35/home/191008172,https://ssl.cdn-redfin.com/photo/1/islphoto/601/genIslnoResize.2241601_1.jpg
1566.0,255000,162.8352490421456,98031,Kent,WA,11436 SE 208th St 15,2,2,https://www.redfin.com/WA/Kent/11436-SE-208th-St-98031/unit-15/home/18964774,https://ssl.cdn-redfin.com/photo/1/islphoto/271/genIslnoResize.2226271_0.jpg
2473.0,834950,337.6263647391832,98042,Kent,WA,14422 SE 284th Pl,5,5,https://www.redfin.com/WA/Kent/14422-SE-284th-Pl-98042/home/190679666,https://ssl.cdn-redfin.com/photo/1/islphoto/661/genIslnoResize.2232661_0.jpg
1024.0,381650,372.705078125,98031,Kent,WA,11130 SE 208th St Unit N202,2,2,https://www.redfin.com/WA/Kent/11130-SE-208th-St-98031/unit-N202/home/13638,https://ssl.cdn-redfin.com/photo/1/islphoto/332/genIslnoResize.2231332_0.jpg
2418.0,899950,372.18775847808104,98031,Kent,WA,21421 116th Pl SE,4,4,https://www.redfin.com/WA/Kent/21421-116th-Pl-SE-98031/home/190672326,https://ssl.cdn-redfin.com/photo/1/islphoto/499/genIslnoResize.2230499_3.jpg
2402.0,879900,366.31973355537053,98031,Kent,WA,Latham  3058 Plan,4,4,https://www.redfin.com/WA/Kent/Kent/Latham-3058/home/190603011,https://ssl.cdn-redfin.com/photo/595/islphoto/4DA/genIslnoResize.367CD6EE84DA_0.jpg
2112.0,849900,402.41477272727275,98031,Kent,WA,Plan A210 Plan,3,3,https://www.redfin.com/WA/Kent/Kent/Plan-A-210/home/189148522,https://ssl.cdn-redfin.com/photo/595/islphoto/C65/genIslnoResize.3B415B31CC65_1.jpg
2506.0,949900,379.05027932960894,98031,Kent,WA,Plan A250 Plan,3,3,https://www.redfin.com/WA/Kent/Kent/Plan-A-250/home/189117664,https://ssl.cdn-redfin.com/photo/595/islphoto/A73/genIslnoResize.4C2352C74A73_0.jpg
1148.0,348000,303.13588850174216,98030,Kent,WA,1812 Maple Ln Unit D20,3,3,https://www.redfin.com/WA/Kent/1812-Maple-Ln-98030/unit-D20/home/45699,https://ssl.cdn-redfin.com/photo/1/islphoto/721/genIslnoResize.2218721_0.jpg
2400.0,1249000,520.4166666666666,98031,Kent,WA,11858 SE 236th St,5,5,https://www.redfin.com/WA/Kent/11858-SE-236th-St-98031/home/223637,https://ssl.cdn-redfin.com/photo/1/islphoto/718/genIslnoResize.2199718_0.jpg
2402.0,874900,364.2381348875937,98031,Kent,WA,11511 SE 236th St 22,4,4,https://www.redfin.com/WA/Kent/11511-SE-236th-St-98031/unit-22/home/190219386,https://ssl.cdn-redfin.com/photo/1/islphoto/287/genIslnoResize.2212287_1.jpg
4221.0,1799999,426.438995498697,98042,Kent,WA,13926 SE 256th St,5,5,https://www.redfin.com/WA/Kent/13926-SE-256th-St-98042/home/189470328,https://ssl.cdn-redfin.com/photo/1/islphoto/970/genIslnoResize.2192970_0.jpg
2761.0,974950,353.11481347337923,98031,Kent,WA,21407 116th Pl SE,5,5,https://www.redfin.com/WA/Kent/21407-116th-Pl-SE-98031/home/189087875,https://ssl.cdn-redfin.com/photo/1/islphoto/883/genIslnoResize.2188883_5.jpg
2726.0,919900,337.45414526779166,98031,Kent,WA,Latham  3006 Plan,5,5,https://www.redfin.com/WA/Kent/Kent/Latham-3006/home/188398784,https://ssl.cdn-redfin.com/photo/595/islphoto/FDD/genIslnoResize.7F8A5C3EBFDD_0.jpg
2710.0,921900,340.1845018450185,98031,Kent,WA,Latham  3056 Plan,5,5,https://www.redfin.com/WA/Kent/Kent/Latham-3056/home/188403880,https://ssl.cdn-redfin.com/photo/595/islphoto/B30/genIslnoResize.8E8000D2DB30_0.jpg
2528.0,904900,357.9509493670886,98031,Kent,WA,Latham  3005 Plan,4,4,https://www.redfin.com/WA/Kent/Kent/Latham-3005/home/188389407,https://ssl.cdn-redfin.com/photo/595/islphoto/78D/genIslnoResize.CB1D4A6F278D_0.jpg
1780.0,1990000,1117.9775280898875,98042,Kent,WA,15326 SE 272nd St,3,3,https://www.redfin.com/WA/Kent/15326-SE-272nd-St-98042/home/175092850,https://ssl.cdn-redfin.com/photo/1/islphoto/016/genIslnoResize.2037016_0.jpg
3078.0,987000,320.6627680311891,98042,Kent,WA,Chinook Plan,5,5,https://www.redfin.com/WA/Kent/Kent/Chinook/home/193342287,
2525.0,870000,344.55445544554453,98042,Kent,WA,Sparrow Plan,4,4,https://www.redfin.com/WA/Kent/Kent/Sparrow/home/191885246,
2726.0,905000,331.98826118855465,98042,Kent,WA,Finch Plan,5,5,https://www.redfin.com/WA/Kent/Kent/Finch/home/191885245,
2710.0,900000,332.1033210332103,98042,Kent,WA,Whidbey Plan,5,5,https://www.redfin.com/WA/Kent/Kent/Whidbey/home/191885243,
,125000,,98092,Auburn,WA,0 SE 312th Way,,,https://www.redfin.com/WA/Auburn/SE-312th-Way-Unknown/home/176877236,https://ssl.cdn-redfin.com/photo/1/islphoto/078/genIslnoResize.2309078_0.jpg
,275000,,98042,Covington,WA,0 196th Ave SE,,,https://www.redfin.com/WA/Covington/186th-Ave-SE-98042/home/174046323,https://ssl.cdn-redfin.com/photo/1/islphoto/707/genIslnoResize.2307707_2.jpg
,185000,,98042,Kent,WA,23110 132nd Ave SE,,,https://www.redfin.com/WA/Kent/23110-132nd-Ave-SE-98042/home/22485509,https://ssl.cdn-redfin.com/photo/1/islphoto/721/genIslnoResize.2306721_0.jpg
,150000,,98042,Kent,WA,207 XX 147th Ave SE,,,https://www.redfin.com/WA/Kent/207-XX-147th-Ave-SE-98042/home/193209601,https://ssl.cdn-redfin.com/photo/1/islphoto/716/genIslnoResize.2303716_0.jpg
,345000,,98031,Kent,WA,0 xx,,,https://www.redfin.com/WA/Kent/xx-98031/home/192995527,https://ssl.cdn-redfin.com/photo/1/islphoto/277/genIslnoResize.2296277_1.jpg
,199500,,98042,Kent,WA,150 XX SE 272nd St,,,https://www.redfin.com/WA/Kent/150-XX-SE-272nd-St-98042/home/192639047,https://ssl.cdn-redfin.com/photo/1/islphoto/915/genIslnoResize.2292915_0.jpg
,89999,,98092,Auburn,WA,318 132nd Ave SE,,,https://www.redfin.com/WA/Auburn/318-132nd-Ave-SE-98092/home/192567388,https://ssl.cdn-redfin.com/photo/1/islphoto/133/genIslnoResize.2291133_3.jpg
,269950,,98042,Covington,WA,19855 SE 311 Ct,,,https://www.redfin.com/WA/Covington/19855-SE-311th-Ct-98042/home/192526856,https://ssl.cdn-redfin.com/photo/1/islphoto/166/genIslnoResize.2290166_0.jpg
,199000,,98042,Kent,WA,0 SE 282nd St,,,https://www.redfin.com/WA/Kent/SE-282nd-St-98042/home/179593407,https://ssl.cdn-redfin.com/photo/1/islphoto/404/genIslnoResize.2288404_0.jpg
,159000,,98042,Kent,WA,30801 W Lake Morton Dr SE,,,https://www.redfin.com/WA/Kent/30801-W-Lake-Morton-Dr-SE-98042/home/191534899,https://ssl.cdn-redfin.com/photo/1/islphoto/520/genIslnoResize.2284520_0.jpg
,265000,,98042,Kent,WA,0 199XX SE 277th St,,,https://www.redfin.com/WA/Kent/0-199XX-SE-277th-St-98042/home/192962472,https://ssl.cdn-redfin.com/photo/1/islphoto/635/genIslnoResize.2278635_0.jpg
,1999999,,98030,Kent,WA,26047 116th Ave SE,,,https://www.redfin.com/WA/Kent/26047-116th-Ave-SE-98030/home/52264618,https://ssl.cdn-redfin.com/photo/1/islphoto/754/genIslnoResize.2274754_1.jpg
,295000,,98031,Kent,WA,22728 101st Pl SE,,,https://www.redfin.com/WA/Kent/22728-101st-Pl-SE-98031/home/22493582,https://ssl.cdn-redfin.com/photo/1/islphoto/791/genIslnoResize.2275791_0.jpg
,395000,,98042,Kent,WA,25612 136th Ave SE,,,https://www.redfin.com/WA/Kent/25612-136th-Ave-SE-98042/home/2087587,https://ssl.cdn-redfin.com/photo/1/islphoto/871/genIslnoResize.2273871_0.jpg
,168000,,98042,Kent,WA,15600 SE 234th Pl,,,https://www.redfin.com/WA/Kent/15600-SE-234th-Pl-98042/home/191915814,https://ssl.cdn-redfin.com/photo/1/islphoto/930/genIslnoResize.2272930_0.jpg
,134000,,98042,Kent,WA,0 174th Ave,,,https://www.redfin.com/WA/Kent/174th-Ave-SE-98042/home/191468587,https://ssl.cdn-redfin.com/photo/1/islphoto/370/genIslnoResize.2258370_0.jpg
,209000,,98092,Auburn,WA,111 XX SE 281st St,,,https://www.redfin.com/WA/Auburn/111-XX-SE-281st-St-98092/home/189882206,https://ssl.cdn-redfin.com/photo/1/islphoto/837/genIslnoResize.2258837_0.jpg
,245000,,98031,Kent,WA,0 94th Ave S,,,https://www.redfin.com/WA/Kent/94th-Ave-S-98031/home/134162306,https://ssl.cdn-redfin.com/photo/1/islphoto/737/genIslnoResize.2252737_0.jpg
,600000,,98042,Kent,WA,0 SE 287th St,,,https://www.redfin.com/WA/Kent/SE-287th-St-98042/home/191111549,https://ssl.cdn-redfin.com/photo/1/islphoto/477/genIslnoResize.2244477_0.jpg
,495000,,98042,Kent,WA,0 XXX 164th Ave SE,,,https://www.redfin.com/WA/Kent/164th-Ave-SE-98042/home/190953706,https://ssl.cdn-redfin.com/photo/1/islphoto/945/genIslnoResize.2240945_1.jpg
,158000,,98042,Kent,WA,14707 SE 272nd St,,,https://www.redfin.com/WA/Kent/14707-SE-272nd-St-98042/home/22451938,https://ssl.cdn-redfin.com/photo/1/islphoto/749/genIslnoResize.2230749_0.jpg
,460000,,98042,Kent,WA,132 XX SE 231st St,,,https://www.redfin.com/WA/Kent/132-XX-SE-231st-St-98042/home/175683850,https://ssl.cdn-redfin.com/photo/1/islphoto/616/genIslnoResize.2230616_0.jpg
,33000,,98001,Auburn,WA,360 S Military Rd,,,https://www.redfin.com/WA/Auburn/360-S-Military-RD-98001/home/192364210,https://ssl.cdn-redfin.com/photo/1/islphoto/328/genIslnoResize.2220328_0.jpg
,900000,,98032,Kent,WA,0 S 260th,,,https://www.redfin.com/WA/Kent/S-260th-St-Unknown/home/35643890,https://ssl.cdn-redfin.com/photo/1/islphoto/894/genIslnoResize.2211894_0.jpg
,240000,,,,,28607 176th Ave Ave SE,,,https://www.redfin.com/WA/Kent/28607-176th-Ave-SE-98042/home/22229902,https://ssl.cdn-redfin.com/photo/354/islphoto/090/genIslnoResize.275090_0.jpg
,1550000,,98030,Kent,WA,12633 SE 270th St,,,https://www.redfin.com/WA/Kent/12633-SE-270th-St-98030/home/56525741,https://ssl.cdn-redfin.com/photo/1/islphoto/368/genIslnoResize.2202368_0.jpg
,88500,,98032,Kent,WA,26900 52nd Ln S,,,https://www.redfin.com/WA/Kent/26900-52nd-Ln-S-98032/home/191307243,https://ssl.cdn-redfin.com/photo/1/islphoto/235/genIslnoResize.2190235_0.jpg
,449999,,98038,Maple Valley,WA,27577 207th Ave SE,,,https://www.redfin.com/WA/Maple-Valley/27577-207th-Ave-SE-98038/home/22539473,https://ssl.cdn-redfin.com/photo/1/islphoto/996/genIslnoResize.2195996_2.jpg
,6500000,,98032,Kent,WA,24202 Pacific Hwy S,,,https://www.redfin.com/WA/Kent/24202-Pacific-HWY-S-98032/home/188775704,https://ssl.cdn-redfin.com/photo/1/islphoto/242/genIslnoResize.2183242_0.jpg
,200000,,98030,Kent,WA,11730 SE 277th Pl,,,https://www.redfin.com/WA/Kent/11730-SE-277th-Pl-98030/home/403874,https://ssl.cdn-redfin.com/photo/1/islphoto/294/genIslnoResize.2179294_0.jpg
,279500,,98042,Kent,WA,228 XX 178th Ave SE,,,https://www.redfin.com/WA/Kent/228-XX-178th-Ave-SE-98042/home/188182593,https://ssl.cdn-redfin.com/photo/1/islphoto/103/genIslnoResize.2174103_0.jpg
,425000,,98031,Kent,WA,10810 SE 196th St,,,https://www.redfin.com/WA/Kent/10810-SE-196th-St-98031/home/18663255,https://ssl.cdn-redfin.com/photo/1/islphoto/445/genIslnoResize.2155445_0.jpg
,489000,,98031,Kent,WA,20000 90th Ave S,,,https://www.redfin.com/WA/Kent/20000-92nd-Ave-S-98031/home/180554444,https://ssl.cdn-redfin.com/photo/1/islphoto/113/genIslnoResize.2142113_0.jpg
,110000,,98042,Kent,WA,0 144th Ave SE,,,https://www.redfin.com/WA/Kent/144th-Ave-SE-Unknown/home/45422441,https://ssl.cdn-redfin.com/photo/1/islphoto/858/genIslnoResize.2019858_0.jpg
